-- Inserting into table: schools --
INSERT INTO schools (cdscode, ncesdist, ncesschool, statustype, county, district, school, street, streetabr, city, zip, state, mailstreet, mailstrabr, mailcity, mailzip, mailstate, phone, ext, website, opendate, closeddate, charter, charternum, fundingtype, doc, doctype, soc, soctype, edopscode, edopsname, eilcode, eilname, gsoffered, gsserved, virtual, magnet, latitude, longitude, admfname1, admlname1, admemail1, admfname2, admlname2, admemail2, admfname3, admlname3, admemail3, lastupdate) VALUES ('Ic78a9Iu8r', 'N2QvrJ3vVt', 'k7DzczpBha', '5LZtqXT0KX', 'AQUXSObJ7i', 'deUTJBWVNz', 'MT3qNgARv7', 'OPw2KdawjZ', 'dHRXyQst6b', 'AylUz89FjT', 'tcBkI2vGUd', 's9tLyN0VGB', 'A4GIvAeBDa', 'XbVsEPDSaK', '2da8cui944', 'sk51is4 tB', 'ys9YDIT7kn', 'qs3wYHk6KZ', ' OVk6O0i0U', 'FwV5vEYoDF', 2015-12-23 07:32:13.699825, 2015-12-26 07:32:13.700596, 9, 'wslJsQXtRE', 'RwNoicRi5W', 'fdv33oXQJ9', 'mfR9bPqg m', 'V47yYvDhdR', '5vv3x36OrI', '1RPL6029BK', 'l4RukZzacj', 'pbzHWpYwg3', 'dhIbZczU4A', 'BXFMnMXBpb', 'mBpdfJ1abJ', 'EJJgxl24wf', 8, 9.0, 2.0, 'Sy 0ptcgk6', '1zg4OjDlNa', 'fBNSWuhg5w', 'bmXnnW9Cvf', 'Ck08eoOQw1', 'eKHF3eCzKe', 'vxbQnukmV0', 'vB96bdTFTw', 'QpUWWk9ivf', 2015-12-20 07:32:13.715493);
INSERT INTO schools (cdscode, ncesdist, ncesschool, statustype, county, district, school, street, streetabr, city, zip, state, mailstreet, mailstrabr, mailcity, mailzip, mailstate, phone, ext, website, opendate, closeddate, charter, charternum, fundingtype, doc, doctype, soc, soctype, edopscode, edopsname, eilcode, eilname, gsoffered, gsserved, virtual, magnet, latitude, longitude, admfname1, admlname1, admemail1, admfname2, admlname2, admemail2, admfname3, admlname3, admemail3, lastupdate) VALUES ('A', 'N2QvrJ3vVt', 'AICgdVGjcW', '3GWLcjsL0j', 'hRMfzsgys5', 'h8byP78T15', 'WwaX4NkTk ', 'aBNKqtMmXR', 'dHRXyQst6b', '8M17fltCkm', '4UVEey5KFH', 'dQcfJIC7zX', '3NC8RDzgwN', 'hvxicR6Stj', 'UhvkaoDi8N', 'exGojHKFQY', '5grp4uaQzz', 'kHZNFm8ec5', 'aBebeZbrSV', 'r4gsC7rYSX', 2015-12-23 07:32:13.699825, 2015-12-24 07:32:13.700596, 4, '0KdiqtBaZP', 'DaRZTTF7jj', 'evZy1L0qgx', 'SxZdXfNSzd', 'nG494GVlX8', '0w9ZqFbI60', 'lAViyXEcub', '2rJgrVmQKp', 'Xeilrg8HzS', ' 3pN0P5 UJ', 'K5w5ZCL9aq', 'oej1szQTwh', 'BTpJRBZ6FZ', 8, 5.0, 6.0, ' QAvPjphEx', 'npy5XvxhIp', 'm59HRlekgz', 's5sVsJvdRR', 'Ck08eoOQw1', 'CIIinUZTlb', 'YmF0UtBXIV', '1KSxnHnmDo', 'sXOaxaJxqK', 2015-12-25 07:32:13.715493);
INSERT INTO schools (cdscode, ncesdist, ncesschool, statustype, county, district, school, street, streetabr, city, zip, state, mailstreet, mailstrabr, mailcity, mailzip, mailstate, phone, ext, website, opendate, closeddate, charter, charternum, fundingtype, doc, doctype, soc, soctype, edopscode, edopsname, eilcode, eilname, gsoffered, gsserved, virtual, magnet, latitude, longitude, admfname1, admlname1, admemail1, admfname2, admlname2, admemail2, admfname3, admlname3, admemail3, lastupdate) VALUES ('@', 'XFZAesCFqG', 'SCjrcN27zm', 'SECAlGiKkf', 'ugjvWz8KSV', 'zjwEmEvaV2', 'K8iG1MAY7g', 'aBNKqtMmXR', 'FD6EfmF87V', '8M17fltCkm', '5xczVfO2c ', 'WAxhFsUv5A', 'XA1FRXEXFq', 'Qrx883VtlS', 'CH21hPoZLQ', '95IjoTaBoM', 'kItvuoaKdx', '2UjbadQOZ5', 'fYGsRaQKDC', 'IlaPrI3ygd', 2015-12-19 07:32:13.699825, 2015-12-20 07:32:13.700596, 4, 'CpYqcfJWGc', 'rpPNFaVnGQ', '6LYevqNlpX', 'BqtNx6H9ca', 'kvBMgPDwde', '675cBRJB o', 'IjQ8BoTidY', 'inlvQsERhc', 'Zt7Qz0LkM4', 'laWBvgrJqx', 'cqmaZxROb ', 'FzNde4ShAH', 'IHZW5iEnQU', 8, 8.0, 4.0, '9kyO4j158T', 'npy5XvxhIp', 'r7HB9AcdDj', ' Jnctx59jg', 'UW 1w5oMNi', 'A6z7PTbGlA', 'zIp191Xu7L', 'WpveNuutD0', 'bDL9wZaR6K', 2015-12-28 07:32:13.715493);
INSERT INTO schools (cdscode, ncesdist, ncesschool, statustype, county, district, school, street, streetabr, city, zip, state, mailstreet, mailstrabr, mailcity, mailzip, mailstate, phone, ext, website, opendate, closeddate, charter, charternum, fundingtype, doc, doctype, soc, soctype, edopscode, edopsname, eilcode, eilname, gsoffered, gsserved, virtual, magnet, latitude, longitude, admfname1, admlname1, admemail1, admfname2, admlname2, admemail2, admfname3, admlname3, admemail3, lastupdate) VALUES ('H', 'TE5MVJc1oe', 'yAdJy2rpW ', 'SECAlGiKkf', 'hshl6RgOlw', 'deUTJBWVNz', 'NBgGGzxRw6', 'SC SqyDOYa', 'Z3pfYptYIA', 'pynoF2LExG', 'E2yi8ygOfE', 'dQcfJIC7zX', 'XBxHMv6915', 'Qrx883VtlS', 'X8WnIjnrzB', 'nN447F1jPs', '5grp4uaQzz', 'qs3wYHk6KZ', 'aBebeZbrSV', 'konP1w2ZLm', 2015-12-23 07:32:13.699825, 2015-12-23 07:32:13.700596, 5, 'H0JfRDGfXc', 'rpPNFaVnGQ', 'hpb3Eb54jE', '4idLCCkV75', 'tDNJESN0pg', '0w9ZqFbI60', 'X0K8vMO4oT', '3rdmHp48o9', 'sdveK05jgW', 'm5jeeZkhuG', 'z3xmnqAENf', 'LrVIYan0eE', 'MUBih47qzD', 4, 8.0, 5.0, '9kyO4j158T', 'npy5XvxhIp', 'RkTcCRb4Ql', 'bmXnnW9Cvf', 'nx 4aPaKaZ', '77oMFdMOR9', 'QEWm7CBUf1', 'rBHFOEWRDG', '9AQAD21rt9', 2015-12-21 07:32:13.715493);
INSERT INTO schools (cdscode, ncesdist, ncesschool, statustype, county, district, school, street, streetabr, city, zip, state, mailstreet, mailstrabr, mailcity, mailzip, mailstate, phone, ext, website, opendate, closeddate, charter, charternum, fundingtype, doc, doctype, soc, soctype, edopscode, edopsname, eilcode, eilname, gsoffered, gsserved, virtual, magnet, latitude, longitude, admfname1, admlname1, admemail1, admfname2, admlname2, admemail2, admfname3, admlname3, admemail3, lastupdate) VALUES ('?', 'N2QvrJ3vVt', 'YIdn8NI YT', 'bRVEJpDIHI', 'MgXbPc2sjm', 'VGrjNQhkW7', 'QrOrhWVoJB', 'SC SqyDOYa', '3mZrS1I8g0', 'pynoF2LExG', 'E2yi8ygOfE', 'iSLA9CxsYH', 'XA1FRXEXFq', 'nZzjKMRaKB', '2da8cui944', 'I3xuVHMhGm', 'CynMxhh4iH', 'qs3wYHk6KZ', 'rJrirEe8LD', 'dQapUlI9rq', 2015-12-23 07:32:13.699825, 2015-12-21 07:32:13.700596, 7, 'VGDvTVLYoY', 'DaRZTTF7jj', 'evZy1L0qgx', '36LRdd0ox4', 'kvBMgPDwde', '5vv3x36OrI', ' vMu bIH7n', 'l4RukZzacj', 'f1Ymg0DbMY', 'J6zAIgvtTX', 'vVBU4YK4mv', '4Qw6ia40aT', 'zNK9EN2fNl', 0, 0.0, 8.0, 'Jy8yVO66et', 'lNV0VrCsnk', '5eSMLmXDhD', 'ARmn zybPY', 's15xWJadLk', '6X9AstGDCj', 'YmF0UtBXIV', 'TJr7jeM4k4', 'bDL9wZaR6K', 2015-12-26 07:32:13.715493);
INSERT INTO schools (cdscode, ncesdist, ncesschool, statustype, county, district, school, street, streetabr, city, zip, state, mailstreet, mailstrabr, mailcity, mailzip, mailstate, phone, ext, website, opendate, closeddate, charter, charternum, fundingtype, doc, doctype, soc, soctype, edopscode, edopsname, eilcode, eilname, gsoffered, gsserved, virtual, magnet, latitude, longitude, admfname1, admlname1, admemail1, admfname2, admlname2, admemail2, admfname3, admlname3, admemail3, lastupdate) VALUES ('Q', 'x0pz6Woj1d', 'k7DzczpBha', 'TPyeMGyw7r', 'RLam6duvy3', 'yDZa9ateNM', 'RLGysTHxsE', 'qzEU3eJHBa', 'vsyDFpwLqR', 'KGODGxnhK9', 'rusYQt7Nj ', 'rv24NqY5Vm', 'uviIeyu3uG', 'BvJNg 5zPN', 'UhvkaoDi8N', 'nN447F1jPs', 'LvAuocm6wX', 'kHZNFm8ec5', 'IxHqVyIQJo', 'R4AZjf1wym', 2015-12-20 07:32:13.699825, 2015-12-24 07:32:13.700596, 0, 'CpYqcfJWGc', 'DaRZTTF7jj', 'KtVhKHA2la', 'BqtNx6H9ca', 'ArBnx XvMA', 'Kp3mxhGU9o', 'ThZOngKgn4', '2rJgrVmQKp', 'q JvLx0UGM', 'IWa2WlrFIs', '4fScpMFI3s', 'WHcmWJMdu6', 'zNK9EN2fNl', 4, 7.0, 0.0, '8fDb7MeEx ', 'cWBtbPikqi', 'mhBrBjn8gj', ' Jnctx59jg', 'hg2vLdgr2s', '6X9AstGDCj', 'vxbQnukmV0', 'rBHFOEWRDG', 'Blynh1nYmk', 2015-12-23 07:32:13.715493);
INSERT INTO schools (cdscode, ncesdist, ncesschool, statustype, county, district, school, street, streetabr, city, zip, state, mailstreet, mailstrabr, mailcity, mailzip, mailstate, phone, ext, website, opendate, closeddate, charter, charternum, fundingtype, doc, doctype, soc, soctype, edopscode, edopsname, eilcode, eilname, gsoffered, gsserved, virtual, magnet, latitude, longitude, admfname1, admlname1, admemail1, admfname2, admlname2, admemail2, admfname3, admlname3, admemail3, lastupdate) VALUES ('_', 'CNiITwEFBR', '9ayUUGWNkb', 'BT0MNfKXIS', 'AQUXSObJ7i', 'VGrjNQhkW7', 'YnSwsxRfCy', 'aBNKqtMmXR', 'CJcCs3oW8k', '4TkjMQHlJY', 'rusYQt7Nj ', 's9tLyN0VGB', 'gG5nHGhanh', 'nZzjKMRaKB', 'X8WnIjnrzB', 'exGojHKFQY', 'vaGpa2hFCf', 'a yRoZY3HR', 'IhTYHSyCXV', 'konP1w2ZLm', 2015-12-28 07:32:13.699825, 2015-12-20 07:32:13.700596, 9, 'qENe9IRe2y', 'TcTIlgmo q', 'evZy1L0qgx', 'Cg8LGrngpy', 'C8vLCEwz9F', 'Kp3mxhGU9o', 'xoSXe0AhOt', 'l4RukZzacj', 'vAw0vJcMir', 'Z ejWJVmtG', 'EsAG6uovkq', 'FzNde4ShAH', 'zNK9EN2fNl', 5, 3.0, 8.0, 'gsVZRPwhw8', 'npy5XvxhIp', 'nPaxlyqtMJ', 'rwjNl7cIf7', 's15xWJadLk', 'iz8aGLh0jD', 'vxbQnukmV0', 'TJr7jeM4k4', '7B3XmYrAqy', 2015-12-22 07:32:13.715493);
INSERT INTO schools (cdscode, ncesdist, ncesschool, statustype, county, district, school, street, streetabr, city, zip, state, mailstreet, mailstrabr, mailcity, mailzip, mailstate, phone, ext, website, opendate, closeddate, charter, charternum, fundingtype, doc, doctype, soc, soctype, edopscode, edopsname, eilcode, eilname, gsoffered, gsserved, virtual, magnet, latitude, longitude, admfname1, admlname1, admemail1, admfname2, admlname2, admemail2, admfname3, admlname3, admemail3, lastupdate) VALUES ('C', 'N2QvrJ3vVt', '9ayUUGWNkb', 'I1WTInsfsf', 'ugjvWz8KSV', 'v5PuWAisUd', 'WwaX4NkTk ', 'qzEU3eJHBa', '3mZrS1I8g0', '8M17fltCkm', '5xczVfO2c ', 'jbZM7KTnUS', 'F3zDxFB y3', 'BvJNg 5zPN', 'CH21hPoZLQ', 'ZNCRNBzo0B', 'ys9YDIT7kn', '9fkClK1HHj', 'KuDrLTZsMO', 'dQapUlI9rq', 2015-12-25 07:32:13.699825, 2015-12-23 07:32:13.700596, 6, 'H0JfRDGfXc', 'nPLTQ3QDtT', 'fXFubBFk0A', 'mfR9bPqg m', 'C8vLCEwz9F', 'PbNH0j7nEF', '1RPL6029BK', 'kL0gWwpSCy', 'pbzHWpYwg3', 'laWBvgrJqx', 't2MX0HK mE', 'RBu43kXRNL', 'txeR5paHJW', 8, 3.0, 8.0, '1q95EkDdsI', 'lNV0VrCsnk', '5eSMLmXDhD', 'Xtj9BxG9TY', 'hg2vLdgr2s', 'A6z7PTbGlA', 'TjTsVYECaE', 'rKemR0rz69', 'QfH9i62B30', 2015-12-27 07:32:13.715493);
INSERT INTO schools (cdscode, ncesdist, ncesschool, statustype, county, district, school, street, streetabr, city, zip, state, mailstreet, mailstrabr, mailcity, mailzip, mailstate, phone, ext, website, opendate, closeddate, charter, charternum, fundingtype, doc, doctype, soc, soctype, edopscode, edopsname, eilcode, eilname, gsoffered, gsserved, virtual, magnet, latitude, longitude, admfname1, admlname1, admemail1, admfname2, admlname2, admemail2, admfname3, admlname3, admemail3, lastupdate) VALUES ('!', 'x0pz6Woj1d', 'yAdJy2rpW ', 'BT0MNfKXIS', 'ZYsCSrnir4', 'jWck0aMk2Y', 'NBgGGzxRw6', 'rSCQUUfnjC', 'CJcCs3oW8k', 'jucSzMazfr', 'rusYQt7Nj ', 's9tLyN0VGB', 'XA1FRXEXFq', 'hvxicR6Stj', '4fds5dwBdy', 'ZNCRNBzo0B', 'LvAuocm6wX', '9fkClK1HHj', 'rJrirEe8LD', 'dQapUlI9rq', 2015-12-22 07:32:13.699825, 2015-12-22 07:32:13.700596, 2, 'hJzXK414NS', 'nPLTQ3QDtT', 'fdv33oXQJ9', '36LRdd0ox4', 'UHzElRI2Gx', '5vv3x36OrI', 'J15aBO1Sdb', '3rdmHp48o9', 'Zt7Qz0LkM4', 'dhIbZczU4A', 'cqmaZxROb ', 'cUvV6GJydS', 'IHZW5iEnQU', 6, 7.0, 1.0, 'QfHTn8vkIJ', 'aV9RrBnNAT', 'm59HRlekgz', 'Xtj9BxG9TY', 'Ck08eoOQw1', '77oMFdMOR9', 'zIp191Xu7L', 'WpveNuutD0', 'Blynh1nYmk', 2015-12-21 07:32:13.715493);
-- Inserting into table: frpm --
INSERT INTO frpm (cdscode, academicyear, countycode, districtcode, schoolcode, countyname, districtname, schoolname, districttype, schooltype, educationaloptiontype, nslpprovisionstatus, charterschoolyn, charterschoolnumber, charterfundingtype, irc, lowgrade, highgrade, enrollmentk12, freemealcountk12, percenteligiblefreek12, frpmcountk12, percenteligiblefrpmk12, enrollmentages517, freemealcountages517, percenteligiblefreeages517, frpmcountages517, percenteligiblefrpmages517, 201314calpadsfall1certificationstatus) VALUES ('Ic78a9Iu8r', '6zieiAH9W4', 'tNnrsYLsAP', 6, 'Sp8 ECBSUM', 'b4vanHcHy3', 'oXfbHE9fFd', 'qU5KEaND3o', 'U3oy3cT1dR', 'T4 xKO4VW5', '1g77kINexv', '3ytANeF6KS', 1, '7RrISI8F3v', 'PydJvjQ9Uj', 4, 'TeTl2RZT9B', '0Lu14MJrtW', 1.0, 9.0, 6.0, 7.0, 0.0, 6.0, 5.0, 9.0, 7.0, 2.0, 3);
INSERT INTO frpm (cdscode, academicyear, countycode, districtcode, schoolcode, countyname, districtname, schoolname, districttype, schooltype, educationaloptiontype, nslpprovisionstatus, charterschoolyn, charterschoolnumber, charterfundingtype, irc, lowgrade, highgrade, enrollmentk12, freemealcountk12, percenteligiblefreek12, frpmcountk12, percenteligiblefrpmk12, enrollmentages517, freemealcountages517, percenteligiblefreeages517, frpmcountages517, percenteligiblefrpmages517, 201314calpadsfall1certificationstatus) VALUES ('A', '3irunlpjSe', 'Zu5Z7M 4XM', 1, 'N4hEATRVyR', 'NUAedRhCQZ', 'oXfbHE9fFd', 'kALlfbiuem', 'm5C6cBd Zv', 'wtU2HAzTHb', 'Baqw5lWjJ0', 'ewPCN9rhcH', 5, 'Yn hXuhVKi', 'PydJvjQ9Uj', 4, 'qN8Pw9sJrx', 'WZC1rXaqKi', 1.0, 5.0, 8.0, 7.0, 3.0, 7.0, 4.0, 9.0, 4.0, 1.0, 5);
INSERT INTO frpm (cdscode, academicyear, countycode, districtcode, schoolcode, countyname, districtname, schoolname, districttype, schooltype, educationaloptiontype, nslpprovisionstatus, charterschoolyn, charterschoolnumber, charterfundingtype, irc, lowgrade, highgrade, enrollmentk12, freemealcountk12, percenteligiblefreek12, frpmcountk12, percenteligiblefrpmk12, enrollmentages517, freemealcountages517, percenteligiblefreeages517, frpmcountages517, percenteligiblefrpmages517, 201314calpadsfall1certificationstatus) VALUES ('@', 'rLkDIEgo8e', 'axD9hHu9sM', 8, 'pMt1 wDdti', 'NUAedRhCQZ', '3Zbl3FPz5k', 'vt0OvTlzya', 'xHXhhnl0pQ', 'x07jofyJ89', 'VEX5BVbZtL', '3ytANeF6KS', 0, 'sWdM4c2zzt', 'Directly funded', 4, 'qN8Pw9sJrx', '4EB8 H2h4Y', 5.0, 1.0, 7.0, 7.0, 9.0, 2.0, 8.0, 5.0, 4.0, 0.0, 6);
INSERT INTO frpm (cdscode, academicyear, countycode, districtcode, schoolcode, countyname, districtname, schoolname, districttype, schooltype, educationaloptiontype, nslpprovisionstatus, charterschoolyn, charterschoolnumber, charterfundingtype, irc, lowgrade, highgrade, enrollmentk12, freemealcountk12, percenteligiblefreek12, frpmcountk12, percenteligiblefrpmk12, enrollmentages517, freemealcountages517, percenteligiblefreeages517, frpmcountages517, percenteligiblefrpmages517, 201314calpadsfall1certificationstatus) VALUES ('H', '3irunlpjSe', 'kRfO3kGKI5', 6, 'fcvCrZcKkV', 'Contra Costa', 'c0uZQgJby4', 'vt0OvTlzya', 'Pr6m2HIxiJ', 'wtU2HAzTHb', 'Baqw5lWjJ0', '7cVdnyHyHL', 2, ' KQQEEYKjZ', '!', 2, 'm AbyC0Axo', 'bgnMb2HgEv', 3.0, 2.0, 2.0, 8.0, 6.0, 7.0, 8.0, 6.0, 3.0, 7.0, 1);
INSERT INTO frpm (cdscode, academicyear, countycode, districtcode, schoolcode, countyname, districtname, schoolname, districttype, schooltype, educationaloptiontype, nslpprovisionstatus, charterschoolyn, charterschoolnumber, charterfundingtype, irc, lowgrade, highgrade, enrollmentk12, freemealcountk12, percenteligiblefreek12, frpmcountk12, percenteligiblefrpmk12, enrollmentages517, freemealcountages517, percenteligiblefreeages517, frpmcountages517, percenteligiblefrpmages517, 201314calpadsfall1certificationstatus) VALUES ('?', 'rLkDIEgo8e', 'Zu5Z7M 4XM', 3, 'hJ kQu4QB8', 'Contra Costa', '7GgRzLJdDg', 'B7Ho1JlsMr', 'GYUxd8M8cT', 'GWSpmNCQMl', 'ymkqdcmaJw', '5ObjNBZOJW', 7, 'QWHw4tqr32', 'Directly funded', 9, 'qN8Pw9sJrx', 'GRNJcWbWQz', 2.0, 3.0, 2.0, 2.0, 9.0, 1.0, 9.0, 5.0, 7.0, 7.0, 3);
INSERT INTO frpm (cdscode, academicyear, countycode, districtcode, schoolcode, countyname, districtname, schoolname, districttype, schooltype, educationaloptiontype, nslpprovisionstatus, charterschoolyn, charterschoolnumber, charterfundingtype, irc, lowgrade, highgrade, enrollmentk12, freemealcountk12, percenteligiblefreek12, frpmcountk12, percenteligiblefrpmk12, enrollmentages517, freemealcountages517, percenteligiblefreeages517, frpmcountages517, percenteligiblefrpmages517, 201314calpadsfall1certificationstatus) VALUES ('Q', '3t1jlpB7I5', 'tNnrsYLsAP', 7, 'hJ kQu4QB8', 'A', 'DraTkkUw19', 'qU5KEaND3o', '46 sByHRDV', 'Zl5wIqjU6s', 'efRxs21tOv', 'rh36ARb6t5', 9, 'ZWmpX0fSYc', 'Q', 0, '2mKZDA2VIT', '2dCq8HHtyk', 2.0, 6.0, 3.0, 0.0, 5.0, 6.0, 6.0, 0.0, 6.0, 3.0, 0);
INSERT INTO frpm (cdscode, academicyear, countycode, districtcode, schoolcode, countyname, districtname, schoolname, districttype, schooltype, educationaloptiontype, nslpprovisionstatus, charterschoolyn, charterschoolnumber, charterfundingtype, irc, lowgrade, highgrade, enrollmentk12, freemealcountk12, percenteligiblefreek12, frpmcountk12, percenteligiblefrpmk12, enrollmentages517, freemealcountages517, percenteligiblefreeages517, frpmcountages517, percenteligiblefrpmages517, 201314calpadsfall1certificationstatus) VALUES ('_', '3t1jlpB7I5', 'axD9hHu9sM', 6, 'Sp8 ECBSUM', '!', '7GgRzLJdDg', 'cvIOZiGna9', '2jGOnka6xv', 'GWSpmNCQMl', '8WX5DBFeKg', 'gz97A67tmh', 9, 'K32SFcyX6G', 'Directly funded', 5, 'qN8Pw9sJrx', '4EB8 H2h4Y', 8.0, 8.0, 1.0, 0.0, 6.0, 2.0, 1.0, 9.0, 4.0, 5.0, 7);
INSERT INTO frpm (cdscode, academicyear, countycode, districtcode, schoolcode, countyname, districtname, schoolname, districttype, schooltype, educationaloptiontype, nslpprovisionstatus, charterschoolyn, charterschoolnumber, charterfundingtype, irc, lowgrade, highgrade, enrollmentk12, freemealcountk12, percenteligiblefreek12, frpmcountk12, percenteligiblefrpmk12, enrollmentages517, freemealcountages517, percenteligiblefreeages517, frpmcountages517, percenteligiblefrpmages517, 201314calpadsfall1certificationstatus) VALUES ('C', 'Aqplxcxi2s', 'Ualx12R7Qn', 2, 'pMt1 wDdti', 'Contra Costa', '7GgRzLJdDg', 'vt0OvTlzya', 'm5C6cBd Zv', 'Zl5wIqjU6s', '4GWT8aIkJZ', 'slZvD0wycF', 8, 'Yn hXuhVKi', 'A', 9, 'TeTl2RZT9B', '2dCq8HHtyk', 3.0, 9.0, 6.0, 8.0, 7.0, 5.0, 4.0, 6.0, 0.0, 6.0, 8);
INSERT INTO frpm (cdscode, academicyear, countycode, districtcode, schoolcode, countyname, districtname, schoolname, districttype, schooltype, educationaloptiontype, nslpprovisionstatus, charterschoolyn, charterschoolnumber, charterfundingtype, irc, lowgrade, highgrade, enrollmentk12, freemealcountk12, percenteligiblefreek12, frpmcountk12, percenteligiblefrpmk12, enrollmentages517, freemealcountages517, percenteligiblefreeages517, frpmcountages517, percenteligiblefrpmages517, 201314calpadsfall1certificationstatus) VALUES ('!', '3t1jlpB7I5', 'ObjafqrFlE', 5, 'hJ kQu4QB8', 'Contra Costa', '3Zbl3FPz5k', 'cvIOZiGna9', 'm5C6cBd Zv', 'GWSpmNCQMl', 'VEX5BVbZtL', '5ObjNBZOJW', 1, 'XLrZ2qJpUZ', 'Directly funded', 6, 'qN8Pw9sJrx', 'WZC1rXaqKi', 3.0, 2.0, 8.0, 4.0, 5.0, 5.0, 4.0, 5.0, 4.0, 5.0, 2);
-- Inserting into table: satscores --
INSERT INTO satscores (cds, rtype, sname, dname, cname, enroll12, numtsttakr, avgscrread, avgscrmath, avgscrwrite, numge1500) VALUES ('Ic78a9Iu8r', 'wgg7xPBfFS', 'LoWQQ5eg P', 'nRCTCwoDo ', '8PjGO80hrB', 7, 0, 5, 5, 7, 8);
INSERT INTO satscores (cds, rtype, sname, dname, cname, enroll12, numtsttakr, avgscrread, avgscrmath, avgscrwrite, numge1500) VALUES ('A', 'wgg7xPBfFS', 'cW3c4R0QLj', 'BiHRZ6t1NO', 'x8rngPcuwA', 9, 6, 9, 8, 8, 6);
INSERT INTO satscores (cds, rtype, sname, dname, cname, enroll12, numtsttakr, avgscrread, avgscrmath, avgscrwrite, numge1500) VALUES ('@', 'wgg7xPBfFS', 'qVyk78Ayw9', 'S6WCduaUSc', 'vC9RGDqjfz', 2, 4, 2, 2, 4, 7);
INSERT INTO satscores (cds, rtype, sname, dname, cname, enroll12, numtsttakr, avgscrread, avgscrmath, avgscrwrite, numge1500) VALUES ('H', '2gOJerJAMl', 'fKPHG0pCmw', 'nsxi1mHToM', '8PjGO80hrB', 4, 1, 3, 1, 7, 5);
INSERT INTO satscores (cds, rtype, sname, dname, cname, enroll12, numtsttakr, avgscrread, avgscrmath, avgscrwrite, numge1500) VALUES ('?', '2sXsn1O0BG', 'vpT107L6Dl', '6lckAmYy2V', 'vC9RGDqjfz', 7, 7, 6, 9, 5, 6);
INSERT INTO satscores (cds, rtype, sname, dname, cname, enroll12, numtsttakr, avgscrread, avgscrmath, avgscrwrite, numge1500) VALUES ('Q', 'UxfF2lNdkH', 'vpT107L6Dl', 'XFFij5HZQx', 'vC9RGDqjfz', 5, 251, 0, 7, 2, 2);
INSERT INTO satscores (cds, rtype, sname, dname, cname, enroll12, numtsttakr, avgscrread, avgscrmath, avgscrwrite, numge1500) VALUES ('_', '2gOJerJAMl', 'qVyk78Ayw9', 'YAlA Dtisb', '8PjGO80hrB', 3, 251, 9, 4, 4, 8);
INSERT INTO satscores (cds, rtype, sname, dname, cname, enroll12, numtsttakr, avgscrread, avgscrmath, avgscrwrite, numge1500) VALUES ('C', '2sXsn1O0BG', 'qVyk78Ayw9', 'XFFij5HZQx', 'PBezTGimJp', 8, 251, 9, 5, 6, 7);
INSERT INTO satscores (cds, rtype, sname, dname, cname, enroll12, numtsttakr, avgscrread, avgscrmath, avgscrwrite, numge1500) VALUES ('!', 'NKlwdyGe07', 'ep3tSoCyaN', 'S6WCduaUSc', 'x8rngPcuwA', 9, 251, 7, 3, 1, 3);
-- Inserting into table: schools --
INSERT INTO schools (cdscode, ncesdist, ncesschool, statustype, county, district, school, street, streetabr, city, zip, state, mailstreet, mailstrabr, mailcity, mailzip, mailstate, phone, ext, website, opendate, closeddate, charter, charternum, fundingtype, doc, doctype, soc, soctype, edopscode, edopsname, eilcode, eilname, gsoffered, gsserved, virtual, magnet, latitude, longitude, admfname1, admlname1, admemail1, admfname2, admlname2, admemail2, admfname3, admlname3, admemail3, lastupdate) VALUES ('3KDQ0S QiV', 'AJ0Mb9Vzkz', 'cKd2y3hszc', 'r osJPSaQo', 'HUPGnp Dgo', 'jwzQmPAIB3', 'uz4NjUT9Yv', 'vSLwmvxGJQ', 'sT6GiI1iG8', 'AryNa70BDv', 'aNbrOwe7pr', 'c2wwc94i9U', 'xkaWBOC6PK', 'CUD7eoID5y', 'sTZWGUQxdv', 'xOaRLa53jr', 'YiB3nrm82u', 'Z9GBVGTOHS', 'PKV73pRRHn', '2iko8ee3Kw', 2015-12-23 19:21:02.927173, 2015-12-21 19:21:02.927852, 2, 'r4Frzcwaeg', 'B1XMt7aGlR', 'Vd4udT9DeO', '7aWzIcL9G6', '5JkilnXwDZ', 'qe4d6CldSX', 'eSX1J5tWl ', 'pjHwVbwNQL', '25BRkozpFQ', '5aPFjkbtob', 'DksUKomA9o', '0TlBeSYmPG', 'Qy4UdZMD7A', 2, 6.0, 3.0, 'ap4wBM3Ppa', 'MS9RkqaxkU', 'OvZMzb9zak', '1wk2ob0IbU', 'ieVtKLPsMy', 'kuiCk6 OZc', 'qNlWgI57No', 'ECeBTqPhG5', 'smfiKIYJDe', 2015-12-28 19:21:02.940515);
INSERT INTO schools (cdscode, ncesdist, ncesschool, statustype, county, district, school, street, streetabr, city, zip, state, mailstreet, mailstrabr, mailcity, mailzip, mailstate, phone, ext, website, opendate, closeddate, charter, charternum, fundingtype, doc, doctype, soc, soctype, edopscode, edopsname, eilcode, eilname, gsoffered, gsserved, virtual, magnet, latitude, longitude, admfname1, admlname1, admemail1, admfname2, admlname2, admemail2, admfname3, admlname3, admemail3, lastupdate) VALUES ('A', 'Ra4PL S4mN', 'hsqBxD3hMh', 'wiJOjDgDuH', 'wwdA D0iCU', 'OW5xLXKcY3', '6DRLl7fGYh', 'OwIy3uk95I', '1AZL3o7tsP', 'qq2xJiOz0I', 'rey7Am100n', 'c2wwc94i9U', 'BDWugAr9RI', 'jnVfJmnjLR', 'V2 ofENNqR', '0jqg8Jt08a', 'DknaLB7U5d', 'u EOjnqBZL', ' byEHd7FwI', 'RIMjSFKsIt', 2015-12-21 19:21:02.927173, 2015-12-21 19:21:02.927852, 6, 'WtMDuExBQK', '0YqFZqQQHR', 'AUv6qoUfOd', 'PSavGpbkyk', 'MrjMLCjTt3', '4c0PiG4bMX', 'gprW9J8qju', 'I2TKUHNfA8', 'ZXSqjpRRNF', 'qguugYOThO', 'mCbufub7Aa', 'ouvNoLpB9k', 'IctOcGKHNx', 3, 0.0, 9.0, 'ap4wBM3Ppa', 'ynL1eqQQ1X', 'mdKf 3rh83', '1wk2ob0IbU', 'ieVtKLPsMy', '37ax73xUZS', '0eecao5a0K', 'P4bXA2A5Xd', 'rbNuD48CNK', 2015-12-24 19:21:02.940515);
INSERT INTO schools (cdscode, ncesdist, ncesschool, statustype, county, district, school, street, streetabr, city, zip, state, mailstreet, mailstrabr, mailcity, mailzip, mailstate, phone, ext, website, opendate, closeddate, charter, charternum, fundingtype, doc, doctype, soc, soctype, edopscode, edopsname, eilcode, eilname, gsoffered, gsserved, virtual, magnet, latitude, longitude, admfname1, admlname1, admemail1, admfname2, admlname2, admemail2, admfname3, admlname3, admemail3, lastupdate) VALUES ('!', 'YAL1aZNwW1', 'be8HixDHON', 'lkMh1EHxoQ', 'I4PdCMXN9o', 'XxqydGvoA9', 'Aa0i9 twtN', 'xUQyh2kxwb', 'sT6GiI1iG8', 'oZCEPCcQYe', 'orbzlmYPgh', 'gAdSVDptpz', '8HcDotC5wK', 'GR34XHULxD', 'sTZWGUQxdv', '7vblKhC2Gh', 'Ih9DVGHtmd', '1EvfN1h7OM', 'qJ2PtpQe83', 'Tqi3CkMJ1q', 2015-12-27 19:21:02.927173, 2015-12-28 19:21:02.927852, 9, 'jv4xkqAtjX', 'B1XMt7aGlR', 'Vd4udT9DeO', 'e7IotMv3IG', 'MrjMLCjTt3', '4c0PiG4bMX', '0voPBm3U1P', 'Tns7pdrEl ', 'ZXSqjpRRNF', 'LwqLhXszzy', '  YiOOLHCj', 'OQGk9E9fvQ', 'aDhZc gJR6', 2, 7.0, 9.0, 'db3WjBNp8r', 'JVfXYj0xrh', 'mdKf 3rh83', 'onP8olBKLF', 'Yk9gP96lkR', 'kuiCk6 OZc', 'ev1iI fjSg', 'DMwTVgyr7G', 'rbNuD48CNK', 2015-12-23 19:21:02.940515);
INSERT INTO schools (cdscode, ncesdist, ncesschool, statustype, county, district, school, street, streetabr, city, zip, state, mailstreet, mailstrabr, mailcity, mailzip, mailstate, phone, ext, website, opendate, closeddate, charter, charternum, fundingtype, doc, doctype, soc, soctype, edopscode, edopsname, eilcode, eilname, gsoffered, gsserved, virtual, magnet, latitude, longitude, admfname1, admlname1, admemail1, admfname2, admlname2, admemail2, admfname3, admlname3, admemail3, lastupdate) VALUES ('@', 'fCH6xQw26S', 'PbmOdNTN2 ', 'H AGqmsQhU', 'I4PdCMXN9o', ' V5TzD975X', 'QPyCnXV6TX', 'OwIy3uk95I', '4VvMSulbhp', 'pCOh1WxaNA', 'Fu9kUhLnnm', 'o9LsXMKAl ', 's6yFlLDniJ', ' CCLXzJo8u', 'yBaNTVtkso', 'qxJSkNXKpZ', 'RTG0rhCqWK', 'Z9GBVGTOHS', 'cKfZFvC3Bd', 'Tqi3CkMJ1q', 2015-12-22 19:21:02.927173, 2015-12-20 19:21:02.927852, 7, 'MauyydD20v', 'B1XMt7aGlR', 'YDZpfYK5Sz', 'Hz m7Q Y7r', '5JkilnXwDZ', '90LTKpcwL6', 'We0MBDG0MZ', 'U1zqHkUlO6', 'ZXSqjpRRNF', 'qguugYOThO', 'mCbufub7Aa', '0TlBeSYmPG', 'gIXA5i3nmu', 0, 5.0, 1.0, 'aT2BySeokW', 'MS9RkqaxkU', 'TbJRMxmHwo', 'rDKFAfCL3V', 'Yk9gP96lkR', 'tHZiltAytk', 'EQ2eub7CdA', 'rX5SnHQqfC', 'Q69wnLDgxE', 2015-12-24 19:21:02.940515);
INSERT INTO schools (cdscode, ncesdist, ncesschool, statustype, county, district, school, street, streetabr, city, zip, state, mailstreet, mailstrabr, mailcity, mailzip, mailstate, phone, ext, website, opendate, closeddate, charter, charternum, fundingtype, doc, doctype, soc, soctype, edopscode, edopsname, eilcode, eilname, gsoffered, gsserved, virtual, magnet, latitude, longitude, admfname1, admlname1, admemail1, admfname2, admlname2, admemail2, admfname3, admlname3, admemail3, lastupdate) VALUES ('"', 'e3FIuMXX a', '1rMt7pHaVa', 'wiJOjDgDuH', 'Obn8EQXjLX', 'XxqydGvoA9', 'QPyCnXV6TX', 'jKxtX6 PUm', '7HRE3SgbeT', 'oZCEPCcQYe', 'Fu9kUhLnnm', 'kXruNed5wT', 'VtK2NTnU3e', 'nMofMWtw9w', 'zzpWQNryQy', 'qSD VACcIr', 'w qHzMTLZj', 'qken3zpIrC', 'PKV73pRRHn', '5R5m4Ep1rD', 2015-12-28 19:21:02.927173, 2015-12-24 19:21:02.927852, 9, 'r4Frzcwaeg', 'B1XMt7aGlR', 'THzBdVLM8b', 'PSavGpbkyk', 'DJSzKbtwVO', 'qe4d6CldSX', 'YdfKEGwgtS', 'CqWVp OXkq', 'auKxIvpvKD', '2Lhwcbc5Y1', 'mCbufub7Aa', '4w2MPDGYsP', 'IctOcGKHNx', 9, 6.0, 9.0, 'JDJKrIyrV4', 'mgF0WXpD y', 'K0tjB7oTRY', '68X9 wmcFH', 'PHTtYSP52U', '1q88Fj8Y2o', 'HMKWlN6rre', 'ECeBTqPhG5', 'smfiKIYJDe', 2015-12-22 19:21:02.940515);
INSERT INTO schools (cdscode, ncesdist, ncesschool, statustype, county, district, school, street, streetabr, city, zip, state, mailstreet, mailstrabr, mailcity, mailzip, mailstate, phone, ext, website, opendate, closeddate, charter, charternum, fundingtype, doc, doctype, soc, soctype, edopscode, edopsname, eilcode, eilname, gsoffered, gsserved, virtual, magnet, latitude, longitude, admfname1, admlname1, admemail1, admfname2, admlname2, admemail2, admfname3, admlname3, admemail3, lastupdate) VALUES ('_', 'e3FIuMXX a', 'dxcwUPNZLn', 'NV8QU0G2Hl', 'SYq5IDeh12', 'M1UlQdtFaX', 'tcG4xTfKFb', 'jKxtX6 PUm', '19oy8HFmPs', '09LBLIRKNC', 'f1O6QAv1Ug', 'o9LsXMKAl ', 'Nh18xVqLYL', ' CCLXzJo8u', 'yBaNTVtkso', '1gjheTu8SF', 'w qHzMTLZj', 'yBpKltM8mG', 'qJ2PtpQe83', '2iko8ee3Kw', 2015-12-20 19:21:02.927173, 2015-12-26 19:21:02.927852, 5, 'VniKdsZ57d', 'kyMGKze6to', 'Vd4udT9DeO', 'ihVux8xFpF', 'Od4G zGiIM', '3GS17gXaC6', '0voPBm3U1P', 'U1zqHkUlO6', 'ZXSqjpRRNF', '2Lhwcbc5Y1', 'ioHSUiDdXY', 'fSkez6ivFw', 'yatg5DUohS', 1, 8.0, 9.0, 'r5dERZI5Un', 'MS9RkqaxkU', 'mdKf 3rh83', 'rDKFAfCL3V', 'Yk9gP96lkR', 'tHZiltAytk', 'xzs4jxCWpa', 'P4bXA2A5Xd', '8xvcvlQakb', 2015-12-19 19:21:02.940515);
INSERT INTO schools (cdscode, ncesdist, ncesschool, statustype, county, district, school, street, streetabr, city, zip, state, mailstreet, mailstrabr, mailcity, mailzip, mailstate, phone, ext, website, opendate, closeddate, charter, charternum, fundingtype, doc, doctype, soc, soctype, edopscode, edopsname, eilcode, eilname, gsoffered, gsserved, virtual, magnet, latitude, longitude, admfname1, admlname1, admemail1, admfname2, admlname2, admemail2, admfname3, admlname3, admemail3, lastupdate) VALUES ('G', 'oSTCfTPTUL', 'dxcwUPNZLn', 'NV8QU0G2Hl', 'Vi63LKeYbR', 'raTZIMzEsA', 'tcG4xTfKFb', 'xUQyh2kxwb', 'naFkC9ymPB', 'oZCEPCcQYe', 'aNbrOwe7pr', 'wTA9ll7PZN', 'ozln5CzVaR', 'P42yvePPfI', 'V2 ofENNqR', 'eLE6ZFxNP8', 'UmS2mLcYLi', 'dcrUtXqnrn', ' byEHd7FwI', 'RIMjSFKsIt', 2015-12-21 19:21:02.927173, 2015-12-28 19:21:02.927852, 9, 'pBVeeDQjA2', 'kyMGKze6to', 'qrnOfhREvq', 'wpAoYM99 g', 'DJSzKbtwVO', '3GS17gXaC6', 'YdfKEGwgtS', 'BTPMLDlvi6', 'SzMhliHXwR', '2Lhwcbc5Y1', 'TudIJeKYZW', 'fSkez6ivFw', 'IctOcGKHNx', 2, 5.0, 1.0, 'ap4wBM3Ppa', 'OyYaw1SAQ6', 'ak1BLgmEnt', 'lew0XAOJ4L', '30N4XiBAzY', 'tHZiltAytk', 'KpCyvisK0j', 'Tl7qD9QUEY', 'UsoFdBhefW', 2015-12-26 19:21:02.940515);
INSERT INTO schools (cdscode, ncesdist, ncesschool, statustype, county, district, school, street, streetabr, city, zip, state, mailstreet, mailstrabr, mailcity, mailzip, mailstate, phone, ext, website, opendate, closeddate, charter, charternum, fundingtype, doc, doctype, soc, soctype, edopscode, edopsname, eilcode, eilname, gsoffered, gsserved, virtual, magnet, latitude, longitude, admfname1, admlname1, admemail1, admfname2, admlname2, admemail2, admfname3, admlname3, admemail3, lastupdate) VALUES (''', 'oSTCfTPTUL', 'NA354l4Ybc', '9rn6mJLniR', 'I4PdCMXN9o', 'M1UlQdtFaX', 'tcG4xTfKFb', 'jKxtX6 PUm', '7HRE3SgbeT', 'oZCEPCcQYe', 'orbzlmYPgh', 'uJsd2U0QnQ', 'BDWugAr9RI', 'RvpNgI8Wd9', 'm18NpHsIxh', 'xOaRLa53jr', '1r3vywJNIH', 'opfPv1A0IV', 'o0DyHoau76', 'nssUPZUVX3', 2015-12-26 19:21:02.927173, 2015-12-26 19:21:02.927852, 9, '6HrB4ogCeX', 'cyJihY3t6p', 'AUv6qoUfOd', 'wpAoYM99 g', 'Od4G zGiIM', 'qe4d6CldSX', 'dZirJP275B', 'A0 x0HoZ2t', 'zTw90jODF3', '5aPFjkbtob', 'TudIJeKYZW', 'ghO5pho0ib', 'gIXA5i3nmu', 8, 9.0, 0.0, 'aT2BySeokW', 'mgF0WXpD y', 'ak1BLgmEnt', '0GefQBoTz6', 'YL17sePeMc', 'Bz77rXSlVj', 'ev1iI fjSg', 'BVzVRf5M82', 'SiFwUHDwlW', 2015-12-20 19:21:02.940515);
INSERT INTO schools (cdscode, ncesdist, ncesschool, statustype, county, district, school, street, streetabr, city, zip, state, mailstreet, mailstrabr, mailcity, mailzip, mailstate, phone, ext, website, opendate, closeddate, charter, charternum, fundingtype, doc, doctype, soc, soctype, edopscode, edopsname, eilcode, eilname, gsoffered, gsserved, virtual, magnet, latitude, longitude, admfname1, admlname1, admemail1, admfname2, admlname2, admemail2, admfname3, admlname3, admemail3, lastupdate) VALUES ('O', 'YAL1aZNwW1', '7Xe 8d n1x', 'r osJPSaQo', 'Vi63LKeYbR', '6FnhkvEoPy', 'gDgxrEu88y', 'Rtdo6JnPT1', 'iCAIJfdqo2', 'pCOh1WxaNA', 'f1O6QAv1Ug', 'zoGBJ4RkZ9', '8HcDotC5wK', 'P42yvePPfI', 'Q5uuxUJjNh', '7vblKhC2Gh', 'YiB3nrm82u', 'qken3zpIrC', 'cKfZFvC3Bd', 'nssUPZUVX3', 2015-12-22 19:21:02.927173, 2015-12-22 19:21:02.927852, 0, 'WtMDuExBQK', 'JYkIadN1WK', 'oFFdi0E43Q', 'RihzGMLe6J', '5JkilnXwDZ', 'CyhZYWQ30U', 'aNvcunGt8L', 'A0 x0HoZ2t', '25BRkozpFQ', 'GYQoki2fWI', '  YiOOLHCj', '0TlBeSYmPG', 'yatg5DUohS', 7, 4.0, 2.0, 'ap4wBM3Ppa', 'JVfXYj0xrh', 'DIC8B0nD9i', '0GefQBoTz6', 'YX A p9X2A', 'I9YaWYD5BR', 'BKP6Fvk0qh', 'P4bXA2A5Xd', 'NxzTXIDxTg', 2015-12-20 19:21:02.940515);
-- Inserting into table: frpm --
INSERT INTO frpm (cdscode, academicyear, countycode, districtcode, schoolcode, countyname, districtname, schoolname, districttype, schooltype, educationaloptiontype, nslpprovisionstatus, charterschoolyn, charterschoolnumber, charterfundingtype, irc, lowgrade, highgrade, enrollmentk12, freemealcountk12, percenteligiblefreek12, frpmcountk12, percenteligiblefrpmk12, enrollmentages517, freemealcountages517, percenteligiblefreeages517, frpmcountages517, percenteligiblefrpmages517, 201314calpadsfall1certificationstatus) VALUES ('3KDQ0S QiV', 'vCQ2mEHTLC', '5jOVwfX4jT', 5, 'BrE43Rch04', 'srREbZBR6j', 'tD9QCFo0CU', 'y2fTHHxLBk', 'dadYtNbBif', 'kVy9PYxrhT', '1KjKBbtdzn', 'UxxiYY9pM3', 5, 'ivjZ3Kn2c8', 'dEZYqKNj1h', 2, 'An NjoCmos', 'l7Za9TVy7L', 2.0, 8.0, 6.0, 6.0, 1.0, 2.0, 3.0, 9.0, 4.0, 5.0, 5);
INSERT INTO frpm (cdscode, academicyear, countycode, districtcode, schoolcode, countyname, districtname, schoolname, districttype, schooltype, educationaloptiontype, nslpprovisionstatus, charterschoolyn, charterschoolnumber, charterfundingtype, irc, lowgrade, highgrade, enrollmentk12, freemealcountk12, percenteligiblefreek12, frpmcountk12, percenteligiblefrpmk12, enrollmentages517, freemealcountages517, percenteligiblefreeages517, frpmcountages517, percenteligiblefrpmages517, 201314calpadsfall1certificationstatus) VALUES ('A', 'Yh6fBMT2DE', 'rYmOUFYzuM', 8, 'hGsgeHUtM ', 'VUoMgAgv37', 'l7PSRJoXnM', 'y2fTHHxLBk', 'dadYtNbBif', 'Tcm7hNhgEi', 'n v9Tl6U2 ', 'BGD8F4vIhW', 4, 'b7TlFpSAum', 'dEZYqKNj1h', 7, 'HHTPcJb6wZ', 'yGud871wwy', 2.0, 7.0, 0.0, 2.0, 9.0, 7.0, 4.0, 2.0, 2.0, 8.0, 4);
INSERT INTO frpm (cdscode, academicyear, countycode, districtcode, schoolcode, countyname, districtname, schoolname, districttype, schooltype, educationaloptiontype, nslpprovisionstatus, charterschoolyn, charterschoolnumber, charterfundingtype, irc, lowgrade, highgrade, enrollmentk12, freemealcountk12, percenteligiblefreek12, frpmcountk12, percenteligiblefrpmk12, enrollmentages517, freemealcountages517, percenteligiblefreeages517, frpmcountages517, percenteligiblefrpmages517, 201314calpadsfall1certificationstatus) VALUES ('!', 'aXO15jRM8J', 'rYmOUFYzuM', 4, 'dSmkj0pjnS', 'lK04TyTk0d', ' lNYDn8pHq', 'ftlaCKO4aq', 'XtV7Px9zEe', 'JvCv6k2PRM', 'YB2wsr5esE', '3KJWY0DMqL', 3, 'Zkf6ow3lX9', 'Directly funded', 7, 'vmYXss7CXB', 'Fi9ZMEnL91', 9.0, 3.0, 7.0, 8.0, 8.0, 1.0, 1.0, 8.0, 0.0, 0.0, 6);
INSERT INTO frpm (cdscode, academicyear, countycode, districtcode, schoolcode, countyname, districtname, schoolname, districttype, schooltype, educationaloptiontype, nslpprovisionstatus, charterschoolyn, charterschoolnumber, charterfundingtype, irc, lowgrade, highgrade, enrollmentk12, freemealcountk12, percenteligiblefreek12, frpmcountk12, percenteligiblefrpmk12, enrollmentages517, freemealcountages517, percenteligiblefreeages517, frpmcountages517, percenteligiblefrpmages517, 201314calpadsfall1certificationstatus) VALUES ('@', 'emFhciGCqV', 'RAT1N1VIm0', 7, 'kLWNrpWKyA', 'Contra Costa', 'ftSlvSjCrl', 'ftlaCKO4aq', 'ndMw925epj', 'qlhHTBs3Pp', '1KjKBbtdzn', 'DXG9COl9WQ', 5, 'LTj2zP3XeR', 'I', 6, 'Fk8ftBTZeW', 'QTsfKwXxye', 8.0, 5.0, 6.0, 2.0, 2.0, 8.0, 2.0, 7.0, 7.0, 6.0, 4);
INSERT INTO frpm (cdscode, academicyear, countycode, districtcode, schoolcode, countyname, districtname, schoolname, districttype, schooltype, educationaloptiontype, nslpprovisionstatus, charterschoolyn, charterschoolnumber, charterfundingtype, irc, lowgrade, highgrade, enrollmentk12, freemealcountk12, percenteligiblefreek12, frpmcountk12, percenteligiblefrpmk12, enrollmentages517, freemealcountages517, percenteligiblefreeages517, frpmcountages517, percenteligiblefrpmages517, 201314calpadsfall1certificationstatus) VALUES ('"', 'emFhciGCqV', 'qw7yDq57f ', 5, 'BrE43Rch04', 'Contra Costa', 'cNNOwnxOfZ', 'LRmByA8LwG', 'VZjqmSbRMu', 'BxLO8S0Wp1', 'n v9Tl6U2 ', '5qDXm5xDOW', 0, 'l96Q9tHhfV', 'Directly funded', 4, 'Dz1oJ9qljC', 'I7gmSMyA2k', 8.0, 5.0, 8.0, 0.0, 3.0, 4.0, 2.0, 0.0, 6.0, 4.0, 3);
INSERT INTO frpm (cdscode, academicyear, countycode, districtcode, schoolcode, countyname, districtname, schoolname, districttype, schooltype, educationaloptiontype, nslpprovisionstatus, charterschoolyn, charterschoolnumber, charterfundingtype, irc, lowgrade, highgrade, enrollmentk12, freemealcountk12, percenteligiblefreek12, frpmcountk12, percenteligiblefrpmk12, enrollmentages517, freemealcountages517, percenteligiblefreeages517, frpmcountages517, percenteligiblefrpmages517, 201314calpadsfall1certificationstatus) VALUES ('_', 'FEKOTqd2jR', 'HTKVwP3jGb', 6, 'gP1TAgMu f', 'A', 'l7PSRJoXnM', 'WBib1wfiCh', 'O5nN25fNPN', 'JvCv6k2PRM', 'ekYZ7VUazl', 'U8MH9GynIf', 2, 'vkqLd45j R', '!', 2, 'An NjoCmos', 'wmGNbsR6aW', 1.0, 3.0, 9.0, 5.0, 5.0, 3.0, 1.0, 5.0, 0.0, 0.0, 1);
INSERT INTO frpm (cdscode, academicyear, countycode, districtcode, schoolcode, countyname, districtname, schoolname, districttype, schooltype, educationaloptiontype, nslpprovisionstatus, charterschoolyn, charterschoolnumber, charterfundingtype, irc, lowgrade, highgrade, enrollmentk12, freemealcountk12, percenteligiblefreek12, frpmcountk12, percenteligiblefrpmk12, enrollmentages517, freemealcountages517, percenteligiblefreeages517, frpmcountages517, percenteligiblefrpmages517, 201314calpadsfall1certificationstatus) VALUES ('G', 'yvioRZ7EqY', 'rYmOUFYzuM', 9, 'Rjx92QXkn9', '!', 'C8nfH abVM', 'ftlaCKO4aq', 'MDOQuMkE9f', 'JvCv6k2PRM', 'YB2wsr5esE', 'U8MH9GynIf', 7, 'LTj2zP3XeR', 'Directly funded', 7, 'U5czZf2o3 ', 'wmGNbsR6aW', 3.0, 5.0, 0.0, 3.0, 2.0, 8.0, 0.0, 5.0, 5.0, 8.0, 3);
INSERT INTO frpm (cdscode, academicyear, countycode, districtcode, schoolcode, countyname, districtname, schoolname, districttype, schooltype, educationaloptiontype, nslpprovisionstatus, charterschoolyn, charterschoolnumber, charterfundingtype, irc, lowgrade, highgrade, enrollmentk12, freemealcountk12, percenteligiblefreek12, frpmcountk12, percenteligiblefrpmk12, enrollmentages517, freemealcountages517, percenteligiblefreeages517, frpmcountages517, percenteligiblefrpmages517, 201314calpadsfall1certificationstatus) VALUES (''', 'Yh6fBMT2DE', 'qw7yDq57f ', 4, 'dYs8Q4UfNp', 'Contra Costa', 'tD9QCFo0CU', '7kcbA6wkc0', 'XtV7Px9zEe', 'JvCv6k2PRM', '1KjKBbtdzn', '5qDXm5xDOW', 3, 'YewHs5q1FP', 'A', 0, 'HHTPcJb6wZ', 'l7Za9TVy7L', 3.0, 6.0, 2.0, 1.0, 5.0, 0.0, 2.0, 6.0, 0.0, 5.0, 8);
INSERT INTO frpm (cdscode, academicyear, countycode, districtcode, schoolcode, countyname, districtname, schoolname, districttype, schooltype, educationaloptiontype, nslpprovisionstatus, charterschoolyn, charterschoolnumber, charterfundingtype, irc, lowgrade, highgrade, enrollmentk12, freemealcountk12, percenteligiblefreek12, frpmcountk12, percenteligiblefrpmk12, enrollmentages517, freemealcountages517, percenteligiblefreeages517, frpmcountages517, percenteligiblefrpmages517, 201314calpadsfall1certificationstatus) VALUES ('O', '7tC3icyj29', 'RAT1N1VIm0', 5, 'F5icRiiAw2', 'Contra Costa', 'PpqlZfqR45', 'LRmByA8LwG', 'eV9 T11czT', 'DJxB2z 7qP', 'ekYZ7VUazl', 'DXG9COl9WQ', 9, 'ivjZ3Kn2c8', 'Directly funded', 2, 'aYM1LrzPru', 'EJJKDyMGWI', 2.0, 8.0, 5.0, 9.0, 5.0, 0.0, 9.0, 7.0, 5.0, 4.0, 8);
-- Inserting into table: satscores --
INSERT INTO satscores (cds, rtype, sname, dname, cname, enroll12, numtsttakr, avgscrread, avgscrmath, avgscrwrite, numge1500) VALUES ('3KDQ0S QiV', '9AYayy8jL8', 'vgK1Hlu1f2', 'T0AHWb0TGW', '4bxGcyGSrp', 4, 1, 9, 9, 6, 3);
INSERT INTO satscores (cds, rtype, sname, dname, cname, enroll12, numtsttakr, avgscrread, avgscrmath, avgscrwrite, numge1500) VALUES ('A', '6oKW1mRFiI', 'vgK1Hlu1f2', 'QiuGg9a 1N', 'ImYlygnUVf', 7, 0, 9, 9, 3, 4);
INSERT INTO satscores (cds, rtype, sname, dname, cname, enroll12, numtsttakr, avgscrread, avgscrmath, avgscrwrite, numge1500) VALUES ('!', 'bSnkKnzYO9', 'RdOLAvaGTq', ' BvBpyqGPl', '4bxGcyGSrp', 8, 1, 1, 3, 9, 2);
INSERT INTO satscores (cds, rtype, sname, dname, cname, enroll12, numtsttakr, avgscrread, avgscrmath, avgscrwrite, numge1500) VALUES ('@', '9AYayy8jL8', 'A6trGlfhwH', 'KEVwzgWMep', '6gEMJ1xOsU', 8, 8, 9, 2, 6, 3);
INSERT INTO satscores (cds, rtype, sname, dname, cname, enroll12, numtsttakr, avgscrread, avgscrmath, avgscrwrite, numge1500) VALUES ('"', 'NApV9hm65L', 'RdOLAvaGTq', '9noJoHpakF', 'AXuS4wKRRO', 9, 7, 2, 3, 2, 0);
INSERT INTO satscores (cds, rtype, sname, dname, cname, enroll12, numtsttakr, avgscrread, avgscrmath, avgscrwrite, numge1500) VALUES ('_', 'm0pu1bFEfI', 'AYYHaoki6v', 'cBKJXzH6eN', '6gEMJ1xOsU', 1, 251, 5, 2, 7, 7);
INSERT INTO satscores (cds, rtype, sname, dname, cname, enroll12, numtsttakr, avgscrread, avgscrmath, avgscrwrite, numge1500) VALUES ('G', 'a4XNQ3Nrp2', 'QVc8xHIxTx', 'T0AHWb0TGW', '6gEMJ1xOsU', 9, 251, 3, 9, 7, 4);
INSERT INTO satscores (cds, rtype, sname, dname, cname, enroll12, numtsttakr, avgscrread, avgscrmath, avgscrwrite, numge1500) VALUES (''', '6oKW1mRFiI', 'vgK1Hlu1f2', 'KEVwzgWMep', 'gJfxSecviE', 8, 251, 5, 9, 2, 9);
INSERT INTO satscores (cds, rtype, sname, dname, cname, enroll12, numtsttakr, avgscrread, avgscrmath, avgscrwrite, numge1500) VALUES ('O', '9AYayy8jL8', 'RdOLAvaGTq', ' BvBpyqGPl', 'gJfxSecviE', 9, 251, 5, 6, 4, 4);
